{
	"name": "dune-imperium",
	"title": "Dune - Adventures in the imperium",
	"description": "An unofficial rendition of the Modiphius tabletop role playing game system.",
	"version": "0.0.1-conversion.0",
	"minimumCoreVersion": "0.7.7",
	"compatibleCoreVersion": "0.7.9",
	"templateVersion": 1,
	"author": "spuentesp",
	"esmodules": ["module/dune.js"],
	"styles": ["dune.css"],
	"packs": [],
	"languages": [
		{
			"lang": "en",
			"name": "English",
			"path": "lang/en.json"
		}
	],
	"gridDistance": 5,
	"gridUnits": "ft",
	"primaryTokenAttribute": "stress",
	"secondaryTokenAttribute": "determination",
	"url": "https://github.com/mkscho63/sta",
	"manifest": "https://raw.githubusercontent.com/mkscho63/sta/master/src/system.json",
	"download": "https://raw.githubusercontent.com/mkscho63/sta/v1.0.4/package/sta-v1.0.4.zip"
}